<strings>
  <GADGET_NAME>My Stock Portfolio</GADGET_NAME>

  <GADGET_DESCRIPTION>Displays information about the stocks you own.</GADGET_DESCRIPTION>

  <GADGET_ABOUT_TEXT>My Stock Portfolio
Copyright 2007 Google
Demonstrates how to use the GData JavaScript Client library in the Google Desktop Gadgets environment. This gadget works with a Google Spreadsheet which you must first create in your account. The gadget then uses this spreadsheet to maintain your stock portfolio and uses the GoogleFinance() function in Google Spreadsheets to retrieve stock information.</GADGET_ABOUT_TEXT>

  <TICKER>Ticker</TICKER>
  <SHARES>Shares</SHARES>
  <ADD_NEW_STOCK>Add New Stock</ADD_NEW_STOCK>
  <AUTH>Authentication</AUTH>
  <USER_NAME>Username</USER_NAME>
  <PASSWORD>Password</PASSWORD>
  <FEED_URI>Feed URI</FEED_URI>
</strings>
